video_id,url,hook_type,format,venue,sound,cta,on_screen_text,face_first_2s,notes
7735314225693652953,,crowd_reaction,split screen,Moe's,trending sound,guest list,y,y,
7455655330721916504,,pov_dj_booth,photo dump,Moe's,set audio,guest list,n,y,
7636802404325913327,,transition_reveal,crowd pan from booth,studio,own edit,follow,n,n,
7690218370578222864,,dubai_hook,split screen,Soho,set audio,follow,y,y,
7179278282130448234,,guestlist_cta,split screen,Moe's,trending sound,none,y,n,
7804342283277121510,,song_id,talking head,studio,own edit,guest list,y,n,
7596357670131618521,,day_in_life,crowd pan from booth,Moe's,trending sound,follow,n,n,
7896084979265189414,,crowd_reaction,talking head,Soho,own edit,none,n,y,
7492055167985664761,,pov_dj_booth,talking head,studio,own edit,none,n,y,
7241627450565197202,,transition_reveal,crowd pan from booth,Moe's,own edit,follow,y,n,
7517072194640404600,,dubai_hook,talking head,Soho,trending sound,comment song,y,y,
7953015510689988662,,guestlist_cta,photo dump,Soho,own edit,guest list,y,y,
7520396557078745162,,song_id,photo dump,Soho,trending sound,guest list,y,y,
7197742935749320447,,day_in_life,crowd pan from booth,Moe's,trending sound,follow,n,y,
7197905226687793645,,crowd_reaction,talking head,studio,set audio,none,n,y,
7732130218080140318,,pov_dj_booth,tripod behind decks,Moe's,set audio,follow,y,y,
7980462842104642892,,transition_reveal,crowd pan from booth,studio,own edit,guest list,n,n,
7713152439431443325,,dubai_hook,split screen,studio,trending sound,follow,y,y,
7222335828864667179,,guestlist_cta,talking head,Moe's,own edit,guest list,n,y,
7329896244206306239,,song_id,tripod behind decks,Moe's,trending sound,guest list,n,n,
7615964917481355729,,day_in_life,talking head,studio,own edit,none,y,n,
7960865833955944549,,crowd_reaction,talking head,Soho,trending sound,guest list,y,n,
7910678343186898081,,dubai_hook,tripod behind decks,studio,set audio,follow,y,n,
7568025980380001108,,transition_reveal,photo dump,studio,trending sound,guest list,y,n,
