Video ID,Video URL,Video caption,Posted date,Video views,Like count,Comment count,Share count,Favorites count,Video duration,New followers
7735314225693652953,https://www.tiktok.com/@arshia.wav/video/7735314225693652953,the moment the rooftop lost it 🔥 #dubai #dubainightlife #moesonthe5th,2026-08-10 14:00:00,10238,669,22,121,35,9,40
7455655330721916504,https://www.tiktok.com/@arshia.wav/video/7455655330721916504,POV: booth cam at Soho Garden last night #dubai #sohogardendxb #djlife,2026-08-12 23:00:00,4113,278,11,48,27,35,16
7636802404325913327,https://www.tiktok.com/@arshia.wav/video/7636802404325913327,wait for the transition #house #afrohouse #dubai,2026-08-14 20:00:00,2580,110,8,12,15,9,10
7690218370578222864,https://www.tiktok.com/@arshia.wav/video/7690218370578222864,if you're in Dubai this weekend… #dubai #dubaiweekend #dxb,2026-08-16 18:00:00,5429,454,34,55,51,9,21
7179278282130448234,https://www.tiktok.com/@arshia.wav/video/7179278282130448234,"guest list open for Friday, link in bio #dubai #guestlist",2026-08-18 14:00:00,2800,234,10,13,19,9,11
7804342283277121510,https://www.tiktok.com/@arshia.wav/video/7804342283277121510,ID for the track everyone asked about #afrohouse #songid,2026-08-20 14:00:00,1621,96,9,4,9,18,6
7596357670131618521,https://www.tiktok.com/@arshia.wav/video/7596357670131618521,a Thursday as a Dubai DJ #djlife #dubai,2026-08-22 18:00:00,1041,45,4,4,9,35,4
7896084979265189414,https://www.tiktok.com/@arshia.wav/video/7896084979265189414,the moment the rooftop lost it 🔥 #dubai #dubainightlife #moesonthe5th,2026-08-24 18:00:00,11379,615,32,147,79,12,45
7492055167985664761,https://www.tiktok.com/@arshia.wav/video/7492055167985664761,POV: booth cam at Soho Garden last night #dubai #sohogardendxb #djlife,2026-08-26 22:00:00,1430,85,4,25,8,35,5
7241627450565197202,https://www.tiktok.com/@arshia.wav/video/7241627450565197202,wait for the transition #house #afrohouse #dubai,2026-08-28 23:00:00,48780,2868,283,284,340,9,195
7517072194640404600,https://www.tiktok.com/@arshia.wav/video/7517072194640404600,if you're in Dubai this weekend… #dubai #dubaiweekend #dxb,2026-08-30 14:00:00,2863,152,19,25,9,12,11
7953015510689988662,https://www.tiktok.com/@arshia.wav/video/7953015510689988662,"guest list open for Friday, link in bio #dubai #guestlist",2026-09-01 20:00:00,1737,88,9,7,12,24,6
7520396557078745162,https://www.tiktok.com/@arshia.wav/video/7520396557078745162,ID for the track everyone asked about #afrohouse #songid,2026-09-03 14:00:00,2909,204,11,15,22,18,11
7197742935749320447,https://www.tiktok.com/@arshia.wav/video/7197742935749320447,a Thursday as a Dubai DJ #djlife #dubai,2026-09-05 20:00:00,1588,111,3,9,8,14,6
7197905226687793645,https://www.tiktok.com/@arshia.wav/video/7197905226687793645,the moment the rooftop lost it 🔥 #dubai #dubainightlife #moesonthe5th,2026-09-07 18:00:00,3116,249,24,35,17,35,12
7732130218080140318,https://www.tiktok.com/@arshia.wav/video/7732130218080140318,POV: booth cam at Soho Garden last night #dubai #sohogardendxb #djlife,2026-09-09 23:00:00,7221,587,56,103,38,48,28
7980462842104642892,https://www.tiktok.com/@arshia.wav/video/7980462842104642892,wait for the transition #house #afrohouse #dubai,2026-09-11 23:00:00,1835,149,5,6,9,12,7
7713152439431443325,https://www.tiktok.com/@arshia.wav/video/7713152439431443325,if you're in Dubai this weekend… #dubai #dubaiweekend #dxb,2026-09-13 14:00:00,2678,216,13,43,23,24,10
7222335828864667179,https://www.tiktok.com/@arshia.wav/video/7222335828864667179,"guest list open for Friday, link in bio #dubai #guestlist",2026-09-15 18:00:00,1097,50,2,5,7,12,4
7329896244206306239,https://www.tiktok.com/@arshia.wav/video/7329896244206306239,ID for the track everyone asked about #afrohouse #songid,2026-09-17 14:00:00,3032,259,14,13,19,48,12
7615964917481355729,https://www.tiktok.com/@arshia.wav/video/7615964917481355729,a Thursday as a Dubai DJ #djlife #dubai,2026-09-19 23:00:00,2825,246,10,12,26,14,11
7960865833955944549,https://www.tiktok.com/@arshia.wav/video/7960865833955944549,the moment the rooftop lost it 🔥 #dubai #dubainightlife #moesonthe5th,2026-09-21 18:00:00,2313,168,6,38,21,35,9
7910678343186898081,https://www.tiktok.com/@arshia.wav/video/7910678343186898081,if you're in Dubai this weekend… #dubai #dubaiweekend #dxb,2026-09-23 22:00:00,983,54,6,7,6,35,3
7568025980380001108,https://www.tiktok.com/@arshia.wav/video/7568025980380001108,wait for the transition #house #afrohouse #dubai,2026-09-25 14:00:00,3148,146,14,17,26,14,12
7176810556126771947,https://www.tiktok.com/@arshia.wav/video/7176810556126771947,ID for the track everyone asked about #afrohouse #songid,2026-09-27 18:00:00,2876,117,7,9,20,35,11
7401944714227399260,https://www.tiktok.com/@arshia.wav/video/7401944714227399260,wait for the transition #house #afrohouse #dubai,2026-09-29 23:00:00,4405,204,22,14,16,35,17
7121252833981348128,https://www.tiktok.com/@arshia.wav/video/7121252833981348128,the moment the rooftop lost it 🔥 #dubai #dubainightlife #moesonthe5th,2026-10-01 23:00:00,10833,529,44,80,50,14,43
7364671870572378401,https://www.tiktok.com/@arshia.wav/video/7364671870572378401,ID for the track everyone asked about #afrohouse #songid,2026-10-03 18:00:00,958,78,4,4,7,48,3
